name,city,country,address,postal_code,email,phone,website,_file,_dropped_reason,_salvage_source
[NO NAME - ASSOCs - NEW Z.csv],,,address,,,,,ASSOCs - NEW Z.csv,no_name,address
[NO NAME - ASSOCs - NEW Z.csv],,,"3/137 North Road, Kaitaia 0482",,https://www.spca.nz/contact,,https://www.spca.nz/,ASSOCs - NEW Z.csv,no_name,email+website+address
[NO NAME - ASSOCs - NEW Z.csv],,,"45 Sandys Road, RD3, Kerikeri 0295",,https://www.spca.nz/contact,,https://www.spca.nz/,ASSOCs - NEW Z.csv,no_name,email+website+address
[NO NAME - ASSOCs - NEW Z.csv],,,"143 Kioreroa Road, Port Whangarei, Whangarei 0110",,https://www.spca.nz/contact,,https://www.spca.nz/,ASSOCs - NEW Z.csv,no_name,email+website+address
[NO NAME - ASSOCs - NEW Z.csv],,,"6 Rawiri Place, Hobsonville, Auckland 0618",,https://www.spca.nz/contact,,https://www.spca.nz/,ASSOCs - NEW Z.csv,no_name,email+website+address
[NO NAME - ASSOCs - NEW Z.csv],,,"50 Westney Road, Mangere, Auckland 2022",,https://www.spca.nz/contact,,https://www.spca.nz/,ASSOCs - NEW Z.csv,no_name,email+website+address
[NO NAME - ASSOCs - NEW Z.csv],,,"321 Ngati Maru Highway, Thames 3578",,https://www.spca.nz/contact,,https://www.spca.nz/,ASSOCs - NEW Z.csv,no_name,email+website+address
[NO NAME - ASSOCs - NEW Z.csv],,,"49 Northway Street, Te Rapa, Hamilton 3200",,https://www.spca.nz/contact,,https://www.spca.nz/,ASSOCs - NEW Z.csv,no_name,email+website+address
[NO NAME - ASSOCs - NEW Z.csv],,,"43 Alach Street, Gate Pa, Tauranga 3112",,https://www.spca.nz/contact,,https://www.spca.nz/,ASSOCs - NEW Z.csv,no_name,email+website+address
[NO NAME - ASSOCs - NEW Z.csv],,,"15 Gateway Crescent, Whakatane 3194",,https://www.spca.nz/contact,,https://www.spca.nz/,ASSOCs - NEW Z.csv,no_name,email+website+address
[NO NAME - ASSOCs - NEW Z.csv],,,"24 Old Taupo Road, Mangakakahi, Rotorua 3015",,https://www.spca.nz/contact,,https://www.spca.nz/,ASSOCs - NEW Z.csv,no_name,email+website+address
[NO NAME - ASSOCs - NEW Z.csv],,,"75 Colson Road, Waiwhakaiho, New Plymouth 4372",,https://www.spca.nz/contact,,https://www.spca.nz/,ASSOCs - NEW Z.csv,no_name,email+website+address
[NO NAME - ASSOCs - NEW Z.csv],,,"168 Hakiaha Street, Taumarunui 3920",,https://www.spca.nz/contact,,https://www.spca.nz/,ASSOCs - NEW Z.csv,no_name,email+website+address
[NO NAME - ASSOCs - NEW Z.csv],,,"131 Centennial Drive, Tauhara, Taupo 3378",,https://www.spca.nz/contact,,https://www.spca.nz/,ASSOCs - NEW Z.csv,no_name,email+website+address
[NO NAME - ASSOCs - NEW Z.csv],,,"14 Nursery Road, Matawhero, Gisborne 4040",,https://www.spca.nz/contact,,https://www.spca.nz/,ASSOCs - NEW Z.csv,no_name,email+website+address
[NO NAME - ASSOCs - NEW Z.csv],,,"31 Mersey Street, Pandora, Napier 4140",,https://www.spca.nz/contact,,https://www.spca.nz/,ASSOCs - NEW Z.csv,no_name,email+website+address
[NO NAME - ASSOCs - NEW Z.csv],,,"8 Heathcote Road, Longlands, Hastings 4175",,https://www.spca.nz/contact,,https://www.spca.nz/,ASSOCs - NEW Z.csv,no_name,email+website+address
[NO NAME - ASSOCs - NEW Z.csv],,,"134 London Street, Whanganui 4500",,https://www.spca.nz/contact,,https://www.spca.nz/,ASSOCs - NEW Z.csv,no_name,email+website+address
[NO NAME - ASSOCs - NEW Z.csv],,,"43 Takapau Road, Waipukurau 4200",,https://www.spca.nz/contact,,https://www.spca.nz/,ASSOCs - NEW Z.csv,no_name,email+website+address
[NO NAME - ASSOCs - NEW Z.csv],,,"5 Easton Street, Dannevirke 4930",,https://www.spca.nz/contact,,https://www.spca.nz/,ASSOCs - NEW Z.csv,no_name,email+website+address
[NO NAME - ASSOCs - NEW Z.csv],,,"93 Napier Road, Terrace End, Palmerston North 4414",,https://www.spca.nz/contact,,https://www.spca.nz/,ASSOCs - NEW Z.csv,no_name,email+website+address
[NO NAME - ASSOCs - NEW Z.csv],,,"169 Mako Mako Road, Levin 5510",,https://www.spca.nz/contact,,https://www.spca.nz/,ASSOCs - NEW Z.csv,no_name,email+website+address
[NO NAME - ASSOCs - NEW Z.csv],,,"299 Ngaumutawa Road, Solway, Masterton 5810",,https://www.spca.nz/contact,,https://www.spca.nz/,ASSOCs - NEW Z.csv,no_name,email+website+address
[NO NAME - ASSOCs - NEW Z.csv],,,"140 Alexandra Road, Newtown, Wellington 6021",,https://www.spca.nz/contact,,https://www.spca.nz/,ASSOCs - NEW Z.csv,no_name,email+website+address
[NO NAME - ASSOCs - NEW Z.csv],,,"400D High Street, Motueka 7120",,https://www.spca.nz/contact,,https://www.spca.nz/,ASSOCs - NEW Z.csv,no_name,email+website+address
[NO NAME - ASSOCs - NEW Z.csv],,,"379 Waimea Road, Enner Glynn, Nelson 7011",,https://www.spca.nz/contact,,https://www.spca.nz/,ASSOCs - NEW Z.csv,no_name,email+website+address
[NO NAME - ASSOCs - NEW Z.csv],,,"31 Fox's Island Road, Renwick 7243",,https://www.spca.nz/contact,,https://www.spca.nz/,ASSOCs - NEW Z.csv,no_name,email+website+address
[NO NAME - ASSOCs - NEW Z.csv],,,"68 Mill Street, Westport 7825",,https://www.spca.nz/contact,,https://www.spca.nz/,ASSOCs - NEW Z.csv,no_name,email+website+address
[NO NAME - ASSOCs - NEW Z.csv],,,"21/27 Preston Road, Blaketown, Greymouth 7805",,https://www.spca.nz/contact,,https://www.spca.nz/,ASSOCs - NEW Z.csv,no_name,email+website+address
[NO NAME - ASSOCs - NEW Z.csv],,,"14 Wilmers Road, Hornby, Christchurch 8025",,https://www.spca.nz/contact,,https://www.spca.nz/,ASSOCs - NEW Z.csv,no_name,email+website+address
[NO NAME - ASSOCs - NEW Z.csv],,,"4 Seafield Road, Netherby, Ashburton 7700",,https://www.spca.nz/contact,,https://www.spca.nz/,ASSOCs - NEW Z.csv,no_name,email+website+address
[NO NAME - ASSOCs - NEW Z.csv],,,"119 Hedley Road, RD 3, Timaru 7973",,https://www.spca.nz/contact,,https://www.spca.nz/,ASSOCs - NEW Z.csv,no_name,email+website+address
[NO NAME - ASSOCs - NEW Z.csv],,,"2 Balneaves Lane, Wanaka 9382",,https://www.spca.nz/contact,,https://www.spca.nz/,ASSOCs - NEW Z.csv,no_name,email+website+address
[NO NAME - ASSOCs - NEW Z.csv],,,"18 Glenda Drive, Frankton, Queenstown 9300",,https://www.spca.nz/contact,,https://www.spca.nz/,ASSOCs - NEW Z.csv,no_name,email+website+address
[NO NAME - ASSOCs - NEW Z.csv],,,"281 Thames Street, Oamaru 9400",,https://www.spca.nz/contact,,https://www.spca.nz/,ASSOCs - NEW Z.csv,no_name,email+website+address
[NO NAME - ASSOCs - NEW Z.csv],,,"1 Torridon Street, Opoho, Dunedin 9010",,https://www.spca.nz/contact,,https://www.spca.nz/,ASSOCs - NEW Z.csv,no_name,email+website+address
[NO NAME - ASSOCs - NEW Z.csv],,,"VetSouth Gore, 8 Richmond Street, Gore 9710",,https://www.spca.nz/contact,,https://www.spca.nz/,ASSOCs - NEW Z.csv,no_name,email+website+address
[NO NAME - ASSOCs - NEW Z.csv],,,"22 Harewood Road, RD 11, Invercargill 9877",,https://www.spca.nz/contact,,https://www.spca.nz/,ASSOCs - NEW Z.csv,no_name,email+website+address
[NO NAME - ASSOCs - NEW Z.csv],,,,,info@gsdrescue.org.nz,,https://www.gsdrescue.org.nz/,ASSOCs - NEW Z.csv,no_name,email+website
[NO NAME - ASSOCs - NEW Z.csv],,,,,,,https://www.cpl-wellington.org.nz/,ASSOCs - NEW Z.csv,no_name,website
[NO NAME - ASSOCs - UK.csv],,,,,https://animalliberationfrontline.com/contact-animal-liberation-front-line/,,https://animalliberationfrontline.com,ASSOCs - UK.csv,no_name,email+website
[NO NAME - ASSOCs - UK.csv],,,,,info@battersea.org.uk,,http://www.battersea.org.uk/,ASSOCs - UK.csv,no_name,email+website
[NO NAME - ASSOCs - UK.csv],,,,,info@thebrooke.org,,http://www.thebrooke.org/,ASSOCs - UK.csv,no_name,email+website
[NO NAME - ASSOCs - UK.csv],,,,,info@mayhewanimalhome.org,,https://themayhew.org/,ASSOCs - UK.csv,no_name,email+website
[NO NAME - ASSOCs - UK.csv],,,,,ralph.baber@drinkingfountains.org,,http://drinkingfountains.org/,ASSOCs - UK.csv,no_name,email+website
[NO NAME - ASSOCs - UK.csv],,,,,info@worldanimalprotection.us,,https://www.worldanimalprotection.org/,ASSOCs - UK.csv,no_name,email+website
[NO NAME - ASSOCs - UK.csv],,,,,membership@rspb.org.uk,,https://rspb.org.uk/,ASSOCs - UK.csv,no_name,email+website
[NO NAME - ASSOCs - UK.csv],,,,,,,https://africanconservation.org/,ASSOCs - UK.csv,no_name,website
[NO NAME - ASSOCs - UK.csv],,,,,enquiries@arc-trust.org,,https://www.arc-trust.org/,ASSOCs - UK.csv,no_name,email+website
[NO NAME - ASSOCs - UK.csv],,,,,hello@animalfreeresearchuk.org,,https://www.animalfreeresearchuk.org/,ASSOCs - UK.csv,no_name,email+website
[NO NAME - ASSOCs - UK.csv],,,,,https://share.hsforms.com/1TyTesSqdQOKePCsODiTOSA1n2zx,,https://www.aspinallfoundation.org/,ASSOCs - UK.csv,no_name,email+website
[NO NAME - ASSOCs - UK.csv],,,,,https://bluecrosseu.freshdesk.com/support/tickets/new,,https://www.bluecross.org.uk/,ASSOCs - UK.csv,no_name,email+website
[NO NAME - ASSOCs - UK.csv],,,,,info@bornfree.org.uk,,https://www.bornfree.org.uk/,ASSOCs - UK.csv,no_name,email+website
[NO NAME - ASSOCs - UK.csv],,,,,info@bdmlr.org.uk,,https://bdmlr.org.uk/,ASSOCs - UK.csv,no_name,email+website
[NO NAME - ASSOCs - UK.csv],,,,,info@bhwt.co.uk,,https://www.bhwt.org.uk/,ASSOCs - UK.csv,no_name,email+website
[NO NAME - ASSOCs - UK.csv],,,,,info@thebhs.org,,https://www.thebhs.org/,ASSOCs - UK.csv,no_name,email+website
[NO NAME - ASSOCs - UK.csv],,,,,info@bto.org,,https://www.bto.org/,ASSOCs - UK.csv,no_name,email+website
[NO NAME - ASSOCs - UK.csv],,,,,,,https://www.buttercups.org.uk/,ASSOCs - UK.csv,no_name,website
[NO NAME - ASSOCs - UK.csv],,,,,https://www.cats.org.uk/find-us/contact-us,,https://www.cats.org.uk/,ASSOCs - UK.csv,no_name,email+website
[NO NAME - ASSOCs - UK.csv],,,,,https://www.casj.org.uk/contact,,http://www.uncaged.co.uk/,ASSOCs - UK.csv,no_name,email+website
[NO NAME - ASSOCs - UK.csv],,,,,https://cinnamon.org.uk/contact-us/,,https://cinnamon.org.uk/cinnamon-trust/,ASSOCs - UK.csv,no_name,email+website
[NO NAME - ASSOCs - UK.csv],,,,,https://www.ciwf.org.uk/contact-us/,,https://www.ciwf.org.uk/,ASSOCs - UK.csv,no_name,email+website
[NO NAME - ASSOCs - UK.csv],,,,,info@dogstrust.org.uk,,https://www.dogstrust.org.uk/#main-content,ASSOCs - UK.csv,no_name,email+website
[NO NAME - ASSOCs - UK.csv],,,,,https://www.thedonkeysanctuary.org.uk/contact,,https://www.thedonkeysanctuary.org.uk/,ASSOCs - UK.csv,no_name,email+website
[NO NAME - ASSOCs - UK.csv],,,,,https://elephant-family.org/contact-us/,,https://elephant-family.org/,ASSOCs - UK.csv,no_name,email+website
[NO NAME - ASSOCs - UK.csv],,,,,info@ferneanimalsanctuary.org,,https://www.ferneanimalsanctuary.org/,ASSOCs - UK.csv,no_name,email+website
[NO NAME - ASSOCs - UK.csv],,,,,office@freedomforanimals.org.uk,,https://www.freedomforanimals.org.uk/,ASSOCs - UK.csv,no_name,email+website
[NO NAME - ASSOCs - UK.csv],,,,,info@froglife.org,,https://www.froglife.org/,ASSOCs - UK.csv,no_name,email+website
[NO NAME - ASSOCs - UK.csv],,,,,hello@frame.org.uk,,https://frame.org.uk/,ASSOCs - UK.csv,no_name,email+website
[NO NAME - ASSOCs - UK.csv],,,,,https://hedgehogcare.org.uk/contact/,,https://hedgehogcare.org.uk/,ASSOCs - UK.csv,no_name,email+website
[NO NAME - ASSOCs - UK.csv],,,,,contact@hillside.org.uk,,https://www.hillside.org.uk/,ASSOCs - UK.csv,no_name,email+website
[NO NAME - ASSOCs - UK.csv],,,,,info@horsetrust.org.uk,,https://horsetrust.org.uk/,ASSOCs - UK.csv,no_name,email+website
[NO NAME - ASSOCs - UK.csv],,,,,gulp@howmanyelephants.org,,https://howmanyelephants.org/,ASSOCs - UK.csv,no_name,email+website
[NO NAME - ASSOCs - UK.csv],,,,,info@humanimaltrust.org.uk,,https://www.humanimaltrust.org.uk/,ASSOCs - UK.csv,no_name,email+website
[NO NAME - ASSOCs - UK.csv],,,,,info@internationalanimalrescue.org,,https://www.internationalanimalrescue.org/,ASSOCs - UK.csv,no_name,email+website
[NO NAME - ASSOCs - UK.csv],,,,,info@league.org.uk,,https://www.league.org.uk/,ASSOCs - UK.csv,no_name,email+website
[NO NAME - ASSOCs - UK.csv],,,,,https://dogshome.net/contact/,,https://dogshome.net/,ASSOCs - UK.csv,no_name,email+website
[NO NAME - ASSOCs - UK.csv],,,,,info@wildfutures.org,,https://www.monkeysanctuary.org/,ASSOCs - UK.csv,no_name,email+website
[NO NAME - ASSOCs - UK.csv],,,,,https://www.nawt.org.uk/about/contact-us/,,https://www.nawt.org.uk/,ASSOCs - UK.csv,no_name,email+website
[NO NAME - ASSOCs - UK.csv],,,,,info@notodogmeat.com,,https://notodogmeat.com/,ASSOCs - UK.csv,no_name,email+website
[NO NAME - ASSOCs - UK.csv],,,,,https://www.pdsa.org.uk/contact-us/contact-us,,https://www.pdsa.org.uk/,ASSOCs - UK.csv,no_name,email+website
[NO NAME - ASSOCs - UK.csv],,,,,enquiries@ptes.org,,https://ptes.org/,ASSOCs - UK.csv,no_name,email+website
[NO NAME - ASSOCs - UK.csv],,,,,info@raystede.org,,https://www.raystede.org/,ASSOCs - UK.csv,no_name,email+website
[NO NAME - ASSOCs - UK.csv],,,,,https://www.redwings.org.uk/contact-us,,https://www.redwings.org.uk/,ASSOCs - UK.csv,no_name,email+website
[NO NAME - ASSOCs - UK.csv],,,,,tvaughan@ror.org.uk,,https://ror.org.uk/,ASSOCs - UK.csv,no_name,email+website
[NO NAME - ASSOCs - UK.csv],,,,,https://www.rspca.org.uk/utilities/contactus/askus/online,,https://www.rspca.org.uk/,ASSOCs - UK.csv,no_name,email+website
[NO NAME - ASSOCs - UK.csv],,,,,info@safehaven4donkeys.org,,https://www.safehaven4donkeys.org/,ASSOCs - UK.csv,no_name,email+website
[NO NAME - ASSOCs - UK.csv],,,,,info@savetheelephants.org,,https://www.savetheelephants.org/,ASSOCs - UK.csv,no_name,email+website
[NO NAME - ASSOCs - UK.csv],,,,,info@savetherhino.org,,https://www.savetherhino.org/,ASSOCs - UK.csv,no_name,email+website
[NO NAME - ASSOCs - UK.csv],,,,,https://www.scottishspca.org/contact-us,,https://www.scottishspca.org/,ASSOCs - UK.csv,no_name,email+website
[NO NAME - ASSOCs - UK.csv],,,,,https://www.secretworld.org/contact-us,,https://www.secretworld.org/,ASSOCs - UK.csv,no_name,email+website
[NO NAME - ASSOCs - UK.csv],,,,,https://www.sharktrust.org/forms/general-enquiries,,https://www.sharktrust.org/,ASSOCs - UK.csv,no_name,email+website
[NO NAME - ASSOCs - UK.csv],,,,,office@saarescue.co.uk,,https://www.saarescue.co.uk/,ASSOCs - UK.csv,no_name,email+website
[NO NAME - ASSOCs - UK.csv],,,,,hello@spana.org,,https://spana.org/,ASSOCs - UK.csv,no_name,email+website
[NO NAME - ASSOCs - UK.csv],,,,,secretary@sos.org.uk,,https://www.sos.org.uk/,ASSOCs - UK.csv,no_name,email+website
[NO NAME - ASSOCs - UK.csv],,,,,https://www.theswansanctuary.org.uk/contact-us/,,https://www.theswansanctuary.org.uk/,ASSOCs - UK.csv,no_name,email+website
[NO NAME - ASSOCs - UK.csv],,,,,https://www.lastchanceanimalrescue.co.uk/contact/index.php,,https://www.lastchanceanimalrescue.co.uk/kennel/dog.php,ASSOCs - UK.csv,no_name,email+website
[NO NAME - ASSOCs - UK.csv],,,,,info@thornberryanimalsanctuary.org,,https://www.thornberryanimalsanctuary.org/,ASSOCs - UK.csv,no_name,email+website
[NO NAME - ASSOCs - UK.csv],,,,,mail@tiggywinkles.org,,https://www.sttiggywinkles.org.uk/,ASSOCs - UK.csv,no_name,email+website
[NO NAME - ASSOCs - UK.csv],,,,,enquiries@uspca.co.uk,,https://www.uspca.co.uk/,ASSOCs - UK.csv,no_name,email+website
[NO NAME - ASSOCs - UK.csv],,,,,info@whales.org,,https://uk.whales.org/,ASSOCs - UK.csv,no_name,email+website
[NO NAME - ASSOCs - UK.csv],,,,,https://www.wildlifeaid.org.uk/contact-us,,https://www.wildlifeaid.org.uk/,ASSOCs - UK.csv,no_name,email+website
[NO NAME - ASSOCs - UK.csv],,,,,kate@willowsanimals.com,,https://www.willowsanimals.com/,ASSOCs - UK.csv,no_name,email+website
[NO NAME - ASSOCs - UK.csv],,,,,info@woodgreen.org.uk,,https://woodgreen.org.uk/,ASSOCs - UK.csv,no_name,email+website
[NO NAME - ASSOCs - UK.csv],,,,,info@savemetrust.org,,https://savemetrust.co.uk/,ASSOCs - UK.csv,no_name,email+website
[NO NAME - ASSOCs - UK.csv],,,,,info@animalaid.org.uk,,https://www.animalaid.org.uk/,ASSOCs - UK.csv,no_name,email+website
[NO NAME - ASSOCs - UK.csv],,,,,info@adavsociety.org,,https://adavsociety.org/,ASSOCs - UK.csv,no_name,email+website
[NO NAME - ASSOCs - UK.csv],,,,,animalrightscambridge54@gmail.com,,https://animalrightscambridge.wordpress.com/,ASSOCs - UK.csv,no_name,email+website
[NO NAME - ASSOCs - UK.csv],,,,,info@stopvivisection.org.uk,,https://web.archive.org/web/20140225231857/http://www.stopvivisection.org.uk/,ASSOCs - UK.csv,no_name,email+website
[NO NAME - ASSOCs - UK.csv],,,,,https://www.badgertrust.org.uk/you,,https://www.badgertrust.org.uk/,ASSOCs - UK.csv,no_name,email+website
[NO NAME - ASSOCs - UK.csv],,,,,enquiries@bats.org.uk,,https://www.bats.org.uk/,ASSOCs - UK.csv,no_name,email+website
[NO NAME - ASSOCs - UK.csv],,,,,https://www.casj.org.uk/contact,,https://www.casj.org.uk/,ASSOCs - UK.csv,no_name,email+website
[NO NAME - ASSOCs - UK.csv],,,,,info@conservativeanimalwelfarefoundation.org,,https://www.conservativeanimalwelfarefoundation.org/,ASSOCs - UK.csv,no_name,email+website
[NO NAME - ASSOCs - UK.csv],,,,,info@CrueltyFreeInternational.org,,https://crueltyfreeinternational.org/,ASSOCs - UK.csv,no_name,email+website
[NO NAME - ASSOCs - UK.csv],,,,,https://www.dogsblog.com/contact/,,https://www.dogsblog.com/,ASSOCs - UK.csv,no_name,email+website
[NO NAME - ASSOCs - UK.csv],,,,,https://www.huntsabs.org.uk/contact/,,https://www.huntsabs.org.uk/,ASSOCs - UK.csv,no_name,email+website
[NO NAME - ASSOCs - UK.csv],,,,,https://www.ldf.org.uk/contact_us/?s=ldf,,https://www.ldf.org.uk/research/,ASSOCs - UK.csv,no_name,email+website
[NO NAME - ASSOCs - UK.csv],,,,,apes@monkeyworld.org,,https://monkeyworld.org/,ASSOCs - UK.csv,no_name,email+website
[NO NAME - ASSOCs - UK.csv],,,,,https://www.navs.org.uk/contact_us/,,https://www.navs.org.uk/home/,ASSOCs - UK.csv,no_name,email+website
[NO NAME - ASSOCs - UK.csv],,,,,https://www.onekind.org/contact,,https://www.onekind.org/,ASSOCs - UK.csv,no_name,email+website
[NO NAME - ASSOCs - UK.csv],,,,,https://viva.org.uk/about-us/contact-us/,,https://viva.org.uk/,ASSOCs - UK.csv,no_name,email+website
[NO NAME - ASSOCs - UK.csv],,,,,info@catactiontrust.org.uk,,http://www.catactiontrust.org.uk/,ASSOCs - UK.csv,no_name,email+website
[NO NAME - ASSOCs - UK.csv],,,,,info@rcvsknowledge.org,,https://www.rcvsknowledge.org/,ASSOCs - UK.csv,no_name,email+website
[NO NAME - ASSOCs - UK.csv],,,,,https://birminghamdogshome.org.uk/contact/,,https://www.birminghamdogshome.org.uk/,ASSOCs - UK.csv,no_name,email+website
[NO NAME - ASSOCs - UK.csv],,,,,info@wythallanimalsanctuary.org,,https://wythallanimalsanctuary.org/,ASSOCs - UK.csv,no_name,email+website
[NO NAME - ASSOCs - UK.csv],,,,,management@woodsidesanctuary.org.uk,,http://www.woodsidesanctuary.org.uk/,ASSOCs - UK.csv,no_name,email+website
[NO NAME - ASSOCs - UK.csv],,,,,info@celiahammond.org,,https://www.celiahammond.org/,ASSOCs - UK.csv,no_name,email+website
[NO NAME - ASSOCs - UK.csv],,,,,giftsinwills@cats.org.uk,,http://www.cats.org.uk/,ASSOCs - UK.csv,no_name,email+website
[NO NAME - ASSOCs - UK.csv],,,,,sara.foxrushfarm@gmail.com,,http://www.s-a-r-a.org.uk/,ASSOCs - UK.csv,no_name,email+website
[NO NAME - ASSOCs - UK.csv],,,,,enquiries@happa.org.uk,,https://www.happa.org.uk/,ASSOCs - UK.csv,no_name,email+website
[NO NAME - ASSOCs - UK.csv],,,,,info@oaktreeanimals.org.uk,,https://www.oaktreeanimals.org.uk/,ASSOCs - UK.csv,no_name,email+website
[NO NAME - ASSOCs - UK.csv],,,,,info@canineconcernscotland.org.uk,,https://www.canineconcernscotland.org.uk/,ASSOCs - UK.csv,no_name,email+website
[NO NAME - ASSOCs - UK.csv],,,,,fundraising@kennelclubcharitabletrust.org,,http://www.kennelclubcharitabletrust.org/,ASSOCs - UK.csv,no_name,email+website
[NO NAME - ASSOCs - UK.csv],,,,,dominic.sullivan@cats.org.uk,,https://www.cats.org.uk/bridgwater,ASSOCs - UK.csv,no_name,email+website
[NO NAME - ASSOCs - UK.csv],,,,,scottishgreyhoundsanctuary@gmail.com,,https://www.scottishgreyhoundsanctuary.org/,ASSOCs - UK.csv,no_name,email+website
[NO NAME - ASSOCs - UK.csv],,,,,https://rosinaanimalcentre.weebly.com/contact-us-07950023286.html,,https://rosinaanimalcentre.weebly.com/,ASSOCs - UK.csv,no_name,email+website
[NO NAME - ASSOCs - UK.csv],,,,,admin@firstfordogs.org,,http://www.firstfordogs.org/,ASSOCs - UK.csv,no_name,email+website
[NO NAME - ASSOCs - UK.csv],,,,,ShetlandRescue1984@yahoo.com,,https://shetlandrescue.org.uk/,ASSOCs - UK.csv,no_name,email+website
[NO NAME - ASSOCs - UK.csv],,,,,https://www.theedwardfoundation.co.uk/contact-us,,https://www.theedwardfoundation.co.uk/,ASSOCs - UK.csv,no_name,email+website
[NO NAME - ASSOCs - UK.csv],,,,,info@harveysarmy.com,,http://www.harveysarmy.com/,ASSOCs - UK.csv,no_name,email+website
[NO NAME - ASSOCs - UK.csv],,,,,info@bulldogtrust.org,,https://www.bulldogtrust.org/,ASSOCs - UK.csv,no_name,email+website
[NO NAME - ASSOCs - UK.csv],,,,,cathospice@sky.com,,https://www.sfhfc.org.uk/,ASSOCs - UK.csv,no_name,email+website
[NO NAME - ASSOCs - UK.csv],,,,,rminniscats@gmail.com,,https://www.rhodesminniscatsanctuary.com/,ASSOCs - UK.csv,no_name,email+website
[NO NAME - ASSOCs - UK.csv],,,,,info@crrc.co.uk,,https://crrc.co.uk/,ASSOCs - UK.csv,no_name,email+website
[NO NAME - ASSOCs - UK.csv],,,,,info@shropshirecatrescue.org.uk,,https://www.shropshirecatrescue.org.uk/,ASSOCs - UK.csv,no_name,email+website
[NO NAME - ASSOCs - UK.csv],,,,,alison@preventunwantedpets.co.uk,,https://www.preventunwantedpets.co.uk/,ASSOCs - UK.csv,no_name,email+website
[NO NAME - ASSOCs - UK.csv],,,,,info@pitponies.co.uk,,https://www.pitponies.co.uk/,ASSOCs - UK.csv,no_name,email+website
[NO NAME - ASSOCs - UK.csv],,,,,bbhrescue@gmail.com,,https://brownbreadhorserescue.org/,ASSOCs - UK.csv,no_name,email+website
[NO NAME - ASSOCs - UK.csv],,,,,easterleighanimalcharity@gmail.com,,https://www.easterleigh.org.uk/,ASSOCs - UK.csv,no_name,email+website
[NO NAME - ASSOCs - UK.csv],,,,,info@burystraycatfund.co.uk,,https://www.burystraycatfund.co.uk/,ASSOCs - UK.csv,no_name,email+website
[NO NAME - ASSOCs - UK.csv],,,,,kev@lincolnshiregreyhoundtrust.com,,https://www.lincolnshiregreyhoundtrust.co.uk/,ASSOCs - UK.csv,no_name,email+website
[NO NAME - ASSOCs - UK.csv],,,,,tamcats@talktalk.net,,https://www.tamcats.co.uk/,ASSOCs - UK.csv,no_name,email+website
[NO NAME - ASSOCs - UK.csv],,,,,cpr@longfram.net,,,ASSOCs - UK.csv,no_name,email
[NO NAME - ASSOCs - UK.csv],,,,,fosterenquiry@pfss.org.uk,,https://www.pfss.org.uk/,ASSOCs - UK.csv,no_name,email+website
[NO NAME - ASSOCs - UK.csv],,,,,animalrescuetrust@hotmail.com,,http://www.7thheaven.org.uk/,ASSOCs - UK.csv,no_name,email+website
[NO NAME - ASSOCs - UK.csv],,,,,greyhoundwelfarewales@gmail.com,,https://www.greyhoundsinwales.moonfruit.co.uk/,ASSOCs - UK.csv,no_name,email+website
[NO NAME - ASSOCs - UK.csv],,,,,enquiries@catsprotection.co.uk,,,ASSOCs - UK.csv,no_name,email
[NO NAME - ASSOCs - UK.csv],,,,,knee.simon@pdsa.org.uk,,https://www.pdsa.org.uk/,ASSOCs - UK.csv,no_name,email+website
[NO NAME - ASSOCs - UK.csv],,,,,enquiries@animalwelfarefoundation.org.uk,,https://www.animalwelfarefoundation.org.uk/,ASSOCs - UK.csv,no_name,email+website
[NO NAME - ASSOCs - UK.csv],,,,,info@c-l-a-w-s.org.uk,,https://www.c-l-a-w-s.org.uk/,ASSOCs - UK.csv,no_name,email+website
[NO NAME - ASSOCs - UK.csv],,,,,alan@internationalanimalrescue.org,,https://www.catastrophescat.org/,ASSOCs - UK.csv,no_name,email+website
[NO NAME - ASSOCs - UK.csv],,,,,act@rvc.ac.uk,,https://www.rvc.ac.uk/act,ASSOCs - UK.csv,no_name,email+website
[NO NAME - ASSOCs - UK.csv],,,,,info@bluecross.org.uk,,https://www.bluecross.org.uk/,ASSOCs - UK.csv,no_name,email+website
[NO NAME - ASSOCs - UK.csv],,,,,https://edch.org.uk/contact-us/,,https://www.edch.org.uk/,ASSOCs - UK.csv,no_name,email+website
[NO NAME - ASSOCs - UK.csv],,,,,info@shire-horse.org.uk,,https://www.shire-horse.org.uk/,ASSOCs - UK.csv,no_name,email+website
[NO NAME - ASSOCs - UK.csv],,,,,enquiries@thetrc.co.uk,,https://www.thetrc.co.uk/,ASSOCs - UK.csv,no_name,email+website
[NO NAME - ASSOCs - UK.csv],,,,,shelter@millhouseanimalsanctuary.co.uk,,https://www.millhouseanimalsanctuary.co.uk/,ASSOCs - UK.csv,no_name,email+website
[NO NAME - ASSOCs - UK.csv],,,,,info@rspca-essexhavering.org,,http://www.rspca.org.uk/local/essex-havering-and-harold-hill-branch/,ASSOCs - UK.csv,no_name,email+website
[NO NAME - ASSOCs - UK.csv],,,,,info@rabbitwelfare.co.uk,,https://www.rabbitwelfare.co.uk/,ASSOCs - UK.csv,no_name,email+website
[NO NAME - ASSOCs - UK.csv],,,,,leona@leonabrown.co.uk,,http://www.straycatrescue.org.uk/,ASSOCs - UK.csv,no_name,email+website
[NO NAME - ASSOCs - UK.csv],,,,,canim682@hotmail.co.uk,,https://www.facebook.com/profile.php?id=100069203284039,ASSOCs - UK.csv,no_name,email+website
[NO NAME - ASSOCs - UK.csv],,,,,info@fenbankgreyhounds.co.uk,,https://www.fenbankgreyhounds.co.uk/,ASSOCs - UK.csv,no_name,email+website
[NO NAME - ASSOCs - UK.csv],,,,,enquiries@happycatsrescue.co.uk,,https://www.happycatsrescue.co.uk/,ASSOCs - UK.csv,no_name,email+website
[NO NAME - ASSOCs - UK.csv],,,,,info@centralbedfordshirecaninetrust.com,,https://www.centralbedfordshirecaninetrust.com/,ASSOCs - UK.csv,no_name,email+website
[NO NAME - ASSOCs - UK.csv],,,,,catsinneed1999@aol.com,,https://catsinneedmenorca.org/,ASSOCs - UK.csv,no_name,email+website
[NO NAME - ASSOCs - UK.csv],,,,,eightlives@outlook.com,,http://www.8livescatrescue.org/,ASSOCs - UK.csv,no_name,email+website
[NO NAME - ASSOCs - UK.csv],,,,,https://www.kenthorserescue.org/contact-khr/,,https://www.kenthorserescue.org/,ASSOCs - UK.csv,no_name,email+website
[NO NAME - ASSOCs - UK.csv],,,,,hello@staradopt.org,,https://www.staradopt.org/,ASSOCs - UK.csv,no_name,email+website
[NO NAME - ASSOCs - UK.csv],,,,,INFO@THESHEFFIELDCATSSHELTER.ORG.UK,,https://www.thesheffieldcatsshelter.org/,ASSOCs - UK.csv,no_name,email+website
[NO NAME - ASSOCs - UK.csv],,,,,galgosdelsoluk@gmail.com,,https://www.galgosdelsol.org/,ASSOCs - UK.csv,no_name,email+website
[NO NAME - ASSOCs - UK.csv],,,,,bmpr@outlook.com,,https://www.bodminmoorlandpony.org/,ASSOCs - UK.csv,no_name,email+website
[NO NAME - ASSOCs - UK.csv],,,,,durhamhollinhall@gmail.com,,https://www.durhamretiredgreyhounds.co.uk/,ASSOCs - UK.csv,no_name,email+website
[NO NAME - ASSOCs - UK.csv],,,,,Contact@TheCatWelfareGroup.org,,https://thecatwelfaregroup.org/what-we-do,ASSOCs - UK.csv,no_name,email+website
[NO NAME - ASSOCs - UK.csv],,,,,billy@wisteriacatrescue.org,,https://wisteriacatrescue.org/,ASSOCs - UK.csv,no_name,email+website
[NO NAME - ASSOCs - UK.csv],,,,,info.hastingscatlovers@gmail.com,,https://www.hastingscatlovers.co.uk/,ASSOCs - UK.csv,no_name,email+website
[NO NAME - ASSOCs - UK.csv],,,,,colette@chorltoncats.org,,https://www.chorltoncats.org/,ASSOCs - UK.csv,no_name,email+website
[NO NAME - ASSOCs - UK.csv],,,,,lancasterandmorecambecatrescue@hotmail.com,,https://www.lancasterandmorecambecatrescue.com/,ASSOCs - UK.csv,no_name,email+website
[NO NAME - ASSOCs - UK.csv],,,,,felinefriendscharity@gmail.com,,https://www.felinefriendscharity.co.uk/,ASSOCs - UK.csv,no_name,email+website
[NO NAME - ASSOCs - UK.csv],,,,,CATSQUADESSEX@ICLOUD.COM,,https://catsquad.org/,ASSOCs - UK.csv,no_name,email+website
[NO NAME - ASSOCs - UK.csv],,,,,portsmouthcats@hotmail.com,,http://www.portsmouthcatslostfoundandrehomed.co.uk/,ASSOCs - UK.csv,no_name,email+website
[NO NAME - ASSOCs - UK.csv],,,,,apurrfectfriend@gmail.com,,https://purrfectfriendcatrescue.org/,ASSOCs - UK.csv,no_name,email+website
[NO NAME - ASSOCs - UK.csv],,,,,hampshirespirithorserescue@outlook.com,,https://www.hampshirespirithorserescue.co.uk/,ASSOCs - UK.csv,no_name,email+website
[NO NAME - ASSOCs - UK.csv],,,,,ceredigioncatrescue@gmail.com,,,ASSOCs - UK.csv,no_name,email
[NO NAME - ASSOCs - UK.csv],,,,,mail@colchestercatrescue.org.uk,,https://www.colchestercatrescue.org.uk/,ASSOCs - UK.csv,no_name,email+website
[NO NAME - ASSOCs - UK.csv],,,,,enquiries@straycatrescue.org.uk,,https://www.straycatrescue.org.uk/,ASSOCs - UK.csv,no_name,email+website
[NO NAME - ASSOCs - UK.csv],,,,,felinewelfareiow@hotmail.co.uk,,https://www.felinewelfareiow.co.uk/,ASSOCs - UK.csv,no_name,email+website
[NO NAME - ASSOCs - UK.csv],,,,,info@marjorienashcatrescue.org.uk,,https://www.marjorienashcatrescue.org.uk/,ASSOCs - UK.csv,no_name,email+website
[NO NAME - ASSOCs - UK.csv],,,,,sccwt@siameserescue.org.uk,,https://www.siameserescue.org.uk/,ASSOCs - UK.csv,no_name,email+website
[NO NAME - ASSOCs - UK.csv],,,,,ray.digby@talktalk.net,,https://www.moultonchaplecatshelter.org/,ASSOCs - UK.csv,no_name,email+website
[NO NAME - ASSOCs - UK.csv],,,,,emma.reid21@btinternet.com,,https://www.paulinefirks.co.uk/,ASSOCs - UK.csv,no_name,email+website
[NO NAME - ASSOCs - UK.csv],,,,,crescentcatrescue@gmail.com,,https://crescentcatrescue.org/,ASSOCs - UK.csv,no_name,email+website
[NO NAME - ASSOCs - UK.csv],,,,,info@cwwrescue.org,,https://www.cwwrescue.org/,ASSOCs - UK.csv,no_name,email+website
[NO NAME - ASSOCs - UK.csv],,,,,bowlodge@gmail.com,,https://www.bowlodgecatrescue.com/,ASSOCs - UK.csv,no_name,email+website
[NO NAME - ASSOCs - UK.csv],,,,,admin@mansfieldcatrescue.co.uk,,https://mansfieldcatrescue.co.uk/,ASSOCs - UK.csv,no_name,email+website
[NO NAME - ASSOCs - UK.csv],,,,,cat-ching@hotmail.com,,https://cat-ching.com/,ASSOCs - UK.csv,no_name,email+website
[NO NAME - ASSOCs - UK.csv],,,,,info@italiangreyhoundrescuecharity.org.uk,,https://www.italiangreyhoundrescuecharity.org.uk/,ASSOCs - UK.csv,no_name,email+website
[NO NAME - ASSOCs - UK.csv],,,,,catwelfarewisbech@gmail.com,,https://www.catwelfarewisbech.co.uk/,ASSOCs - UK.csv,no_name,email+website
[NO NAME - ASSOCs - UK.csv],,,,,info@lymicat.org,,https://www.lymicat.org/,ASSOCs - UK.csv,no_name,email+website
[NO NAME - ASSOCs - UK.csv],,,,,catwelcardiff@hotmail.co.uk,,https://www.catwel-blogspot.com/,ASSOCs - UK.csv,no_name,email+website
[NO NAME - ASSOCs - UK.csv],,,,,TINKERBELL300@ICLOUD.COM,,https://catrescue.dore/,ASSOCs - UK.csv,no_name,email+website
[NO NAME - ASSOCs - UK.csv],,,,,liverpoolcatwelfare@hotmail.co.uk,,https://liverpoolcatwelfare.com/,ASSOCs - UK.csv,no_name,email+website
[NO NAME - ASSOCs - UK.csv],,,,,https://www.cats.org.uk/bedford/contact-us,,https://www.cats.org.uk/bedford,ASSOCs - UK.csv,no_name,email+website
[NO NAME - ASSOCs - UK.csv],,,,,fundraising@straycatrescue.org.uk,,http://www.straycatrescue.org.uk/,ASSOCs - UK.csv,no_name,email+website
[NO NAME - ASSOCs - UK.csv],,,,,homelesscatrescue@hotmail.com,,https://www.homelesscatrescue.co.uk/,ASSOCs - UK.csv,no_name,email+website
[NO NAME - ASSOCs - UK.csv],,,,,tvaw@btconnect.com,,https://www.tvaw.org.uk/,ASSOCs - UK.csv,no_name,email+website
[NO NAME - ASSOCs - UK.csv],,,,,info@woodgreen.org.uk,,https://woodgreen.org.uk/,ASSOCs - UK.csv,no_name,email+website
[NO NAME - ASSOCs - UK.csv],,,,,Homes4Dogs@outlook.com,,http://homes4dogs.co.uk/,ASSOCs - UK.csv,no_name,email+website
[NO NAME - ASSOCs - UK.csv],,,,,info@chestercatcare.com,,https://www.rescuereview.co.uk/rescue/chester-cat-care-417/,ASSOCs - UK.csv,no_name,email+website
[NO NAME - ASSOCs - UK.csv],,,,,info@warringtonanimalwelfare.org.uk,,https://www.facebook.com/warringtonanimalwelfare/info/,ASSOCs - UK.csv,no_name,email+website
[NO NAME - ASSOCs - UK.csv],,,,,pawsinn@aol.com,,http://www.pawsinncatrescue.co.uk/,ASSOCs - UK.csv,no_name,email+website
[NO NAME - ASSOCs - UK.csv],,,,,http://www.lefontidogrescuecarlislecumbria.org/contact-us.html,,http://www.lefontidogrescuecarlislecumbria.org/,ASSOCs - UK.csv,no_name,email+website
[NO NAME - ASSOCs - UK.csv],,,,,https://www.animalrescuecumbria.co.uk/contact-us/,,https://www.animalrescuecumbria.co.uk/,ASSOCs - UK.csv,no_name,email+website
[NO NAME - ASSOCs - UK.csv],,,,,https://www.chesterfieldanimalrescue.org.uk/#pageFooter,,https://www.chesterfieldanimalrescue.org.uk/#pageFooter,ASSOCs - UK.csv,no_name,email+website
[NO NAME - ASSOCs - UK.csv],,,,,adoption@justfordogsrescue.co.uk,,https://www.facebook.com/DogRescueDerbyshire/,ASSOCs - UK.csv,no_name,email+website
[NO NAME - ASSOCs - UK.csv],,,,,secondchancedogs@btinternet.com,,http://www.secondchancerescuekennels.co.uk/,ASSOCs - UK.csv,no_name,email+website
[NO NAME - ASSOCs - UK.csv],,,,,https://www.petsamaritans.co.uk/contact-us/,,https://www.petsamaritans.co.uk/,ASSOCs - UK.csv,no_name,email+website
[NO NAME - ASSOCs - UK.csv],,,,,info@animalsindistress.uk.com,,https://animalsindistress.uk.com/,ASSOCs - UK.csv,no_name,email+website
[NO NAME - ASSOCs - UK.csv],,,,,felinenetwork2009@gmail.com,,http://felinenetwork.org.uk/,ASSOCs - UK.csv,no_name,email+website
[NO NAME - ASSOCs - UK.csv],,,,,info@gablesfarm.org.uk,,https://www.gablesfarm.org.uk/,ASSOCs - UK.csv,no_name,email+website
[NO NAME - ASSOCs - UK.csv],,,,,oldies@oldies.org.uk,,https://www.oldies.org.uk/,ASSOCs - UK.csv,no_name,email+website
[NO NAME - ASSOCs - UK.csv],,,,,https://hollyhedge.org.uk/contact-us/email-form/,,https://hollyhedge.org.uk/,ASSOCs - UK.csv,no_name,email+website
[NO NAME - ASSOCs - UK.csv],,,,,Senior Co-ordinator (Karen) on 0117 9600304,,https://blfc.weebly.com/,ASSOCs - UK.csv,no_name,email+website
[NO NAME - ASSOCs - UK.csv],,,,,team@justwhippetsrescue.co.uk,,https://www.justwhippetsrescue.co.uk/,ASSOCs - UK.csv,no_name,email+website
[NO NAME - ASSOCs - UK.csv],,,,,https://waggytails.org.uk/contact/,,https://waggytails.org.uk/,ASSOCs - UK.csv,no_name,email+website
[NO NAME - ASSOCs - UK.csv],,,,,info@wetheriggsanimalrescue.co.uk,,https://www.wetheriggsanimalrescue.co.uk/,ASSOCs - UK.csv,no_name,email+website
[NO NAME - ASSOCs - UK.csv],,,,,reception@strayaid.org.uk,,https://strayaid.org.uk/,ASSOCs - UK.csv,no_name,email+website
[NO NAME - ASSOCs - UK.csv],,,,,info@strayaction.com,,https://www.strayaction.com/,ASSOCs - UK.csv,no_name,email+website
[NO NAME - ASSOCs - UK.csv],,,,,nassl@nassl.org.uk,,https://nassl.co.uk/,ASSOCs - UK.csv,no_name,email+website
[NO NAME - ASSOCs - UK.csv],,,,,info@lostcatsbrighton.org.uk,,https://lostcatsbrighton.org.uk/,ASSOCs - UK.csv,no_name,email+website
[NO NAME - ASSOCs - UK.csv],,,,,headoffice@celiahammond.org,,https://www.celiahammond.org/,ASSOCs - UK.csv,no_name,email+website
[NO NAME - ASSOCs - UK.csv],,,,,https://www.catastrophescats.org/contact-us,,https://www.catastrophescats.org/,ASSOCs - UK.csv,no_name,email+website
[NO NAME - ASSOCs - UK.csv],,,,,julie@catwelfaresussex.com,,https://catwelfaresussex.com/cws/,ASSOCs - UK.csv,no_name,email+website
[NO NAME - ASSOCs - UK.csv],,,,,info@raystede.org,,https://www.raystede.org/,ASSOCs - UK.csv,no_name,email+website
[NO NAME - ASSOCs - UK.csv],,,,,reception@gawa.org.uk,,https://gawa.org.uk/,ASSOCs - UK.csv,no_name,email+website
[NO NAME - ASSOCs - UK.csv],,,,,info@rspcaoandf.org.uk,,https://www.rspcaoandf.org.uk/,ASSOCs - UK.csv,no_name,email+website
[NO NAME - ASSOCs - UK.csv],,,,,enquiries@teckelsanimalsanctuaries.co.uk,,https://teckelsanimalsanctuaries.co.uk/,ASSOCs - UK.csv,no_name,email+website
[NO NAME - ASSOCs - UK.csv],,,,,Enquiries@5valleycatrescue.org,,https://www.5valleycatrescue.org/,ASSOCs - UK.csv,no_name,email+website
[NO NAME - ASSOCs - UK.csv],,,,,Info@leavalleydogrescue.co.uk,,https://leavalleydogrescue.co.uk/,ASSOCs - UK.csv,no_name,email+website
[NO NAME - ASSOCs - UK.csv],,,,,info@dogstrust.org.uk,,https://www.dogstrust.org.uk/,ASSOCs - UK.csv,no_name,email+website
[NO NAME - ASSOCs - UK.csv],,,,,https://prodogsdirect.org.uk/contact/,,https://prodogsdirect.org.uk/,ASSOCs - UK.csv,no_name,email+website
[NO NAME - ASSOCs - UK.csv],,,,,info@greekanimalrescue.com,,https://greekanimalrescue.com/,ASSOCs - UK.csv,no_name,email+website
[NO NAME - ASSOCs - UK.csv],,,,,vetclinic@mayhewanimalhome.org,,https://themayhew.org/,ASSOCs - UK.csv,no_name,email+website
[NO NAME - ASSOCs - UK.csv],,,,,info@animalaidandadvice.org,,https://www.facebook.com/AnimalAidAndAdvice/,ASSOCs - UK.csv,no_name,email+website
[NO NAME - ASSOCs - UK.csv],,,,,https://cat77.org.uk/contact,,https://cat77.org.uk/,ASSOCs - UK.csv,no_name,email+website
[NO NAME - ASSOCs - UK.csv],,,,,cats@haws-animals.org.uk,,https://www.haws-animals.org.uk/,ASSOCs - UK.csv,no_name,email+website
[NO NAME - ASSOCs - UK.csv],,,,,admin@littleangelsrabbitrescue.com,,https://www.rescuereview.co.uk/rescue/little-angels-rabbit-rescue-967/,ASSOCs - UK.csv,no_name,email+website
[NO NAME - ASSOCs - UK.csv],,,,,enquiries@greyhoundlifeline.co.uk,,https://www.greyhoundlifeline.co.uk/,ASSOCs - UK.csv,no_name,email+website
[NO NAME - ASSOCs - UK.csv],,,,,alison@southerncountiesgsdrescue.co.uk,,https://southerncountiesgsdrescue.co.uk/,ASSOCs - UK.csv,no_name,email+website
[NO NAME - ASSOCs - UK.csv],,,,,info@lymicat.org,,https://www.lymicat.org/,ASSOCs - UK.csv,no_name,email+website
[NO NAME - ASSOCs - UK.csv],,,,,info@labrador-lifeline.com,,https://labrador-lifeline.com/,ASSOCs - UK.csv,no_name,email+website
[NO NAME - ASSOCs - UK.csv],,,,,info@germanshepherdrescue.co.uk,,https://www.germanshepherdrescue.co.uk/,ASSOCs - UK.csv,no_name,email+website
[NO NAME - ASSOCs - UK.csv],,,,,office@rspca-tameside-glossop.org.uk,,https://rspca-tameside-glossop.org.uk/,ASSOCs - UK.csv,no_name,email+website
[NO NAME - ASSOCs - UK.csv],,,,,https://dogshome.net/contact/,,https://dogshome.net/,ASSOCs - UK.csv,no_name,email+website
[NO NAME - ASSOCs - UK.csv],,,,,http://www.rochdale-dog-rescue.com/contact.html,,http://www.rochdale-dog-rescue.com/,ASSOCs - UK.csv,no_name,email+website
[NO NAME - ASSOCs - UK.csv],,,,,futuresfordogs@aol.com,,https://www.facebook.com/futuresfordogs/,ASSOCs - UK.csv,no_name,email+website
[NO NAME - ASSOCs - UK.csv],,,,,info@foalfarm.org.uk,,https://www.foalfarm.org.uk/,ASSOCs - UK.csv,no_name,email+website
[NO NAME - ASSOCs - UK.csv],,,,,https://www.lastchanceanimalrescue.co.uk/contact/index.php,,https://www.lastchanceanimalrescue.co.uk/,ASSOCs - UK.csv,no_name,email+website
[NO NAME - ASSOCs - UK.csv],,,,,https://www.kentgreyhoundrescue.com/contact-us/,,https://www.kentgreyhoundrescue.com/,ASSOCs - UK.csv,no_name,email+website
[NO NAME - ASSOCs - UK.csv],,,,,alldogsrescue@rocketmail.com,,https://www.alldogsrescue.com/,ASSOCs - UK.csv,no_name,email+website
[NO NAME - ASSOCs - UK.csv],,,,,streetkatzinfo@gmail.com,,https://www.streetkatzrescue.com/,ASSOCs - UK.csv,no_name,email+website
[NO NAME - ASSOCs - UK.csv],,,,,lbdr.adoption@gmail.com,,https://www.facebook.com/LargeBreedDogRescue/,ASSOCs - UK.csv,no_name,email+website
[NO NAME - ASSOCs - UK.csv],,,,,info@anim-mates.org.uk,,https://www.anim-mates.org.uk/,ASSOCs - UK.csv,no_name,email+website
[NO NAME - ASSOCs - UK.csv],,,,,https://www.sedogrescue.co.uk/contact/,,https://www.sedogrescue.co.uk/,ASSOCs - UK.csv,no_name,email+website
[NO NAME - ASSOCs - UK.csv],,,,,theretreatanimalrescue@btinternet.com,,https://www.retreatanimalrescue.org.uk/,ASSOCs - UK.csv,no_name,email+website
[NO NAME - ASSOCs - UK.csv],,,,,https://boltonanimalshelter.org.uk/contact-us/,,https://boltonanimalshelter.org.uk/,ASSOCs - UK.csv,no_name,email+website
[NO NAME - ASSOCs - UK.csv],,,,,info@bleakholt.org,,https://www.bleakholt.org/,ASSOCs - UK.csv,no_name,email+website
[NO NAME - ASSOCs - UK.csv],,,,,rehoming@animalcare-lancaster.co.uk,,https://www.animalcare-lancaster.co.uk/,ASSOCs - UK.csv,no_name,email+website
[NO NAME - ASSOCs - UK.csv],,,,,dogs@wolfwood.co.uk,,https://www.wolfwood.co.uk/,ASSOCs - UK.csv,no_name,email+website
[NO NAME - ASSOCs - UK.csv],,,,,easterleighanimals@yahoo.com,,https://www.easterleigh.org.uk/,ASSOCs - UK.csv,no_name,email+website
[NO NAME - ASSOCs - UK.csv],,,,,info@rspca-preston.org.uk,,https://www.rspca-preston.org.uk/,ASSOCs - UK.csv,no_name,email+website
[NO NAME - ASSOCs - UK.csv],,,,,lincsarkcharity@gmail.com,,https://www.lincsark.co.uk/,ASSOCs - UK.csv,no_name,email+website
[NO NAME - ASSOCs - UK.csv],,,,,info@rspca-lincseast.org.uk,,https://www.rspca-lincseast.org.uk/,ASSOCs - UK.csv,no_name,email+website
[NO NAME - ASSOCs - UK.csv],,,,,info@secondchancecatrescue.org.uk,,https://northlincsweb.net/SCCR/,ASSOCs - UK.csv,no_name,email+website
[NO NAME - ASSOCs - UK.csv],,,,,lincolnratrescue@googlemail.com,,https://lincolnratrescue.webs.com/,ASSOCs - UK.csv,no_name,email+website
[NO NAME - ASSOCs - UK.csv],,,,,information@danes.org.uk,,http://www.danes.org.uk/,ASSOCs - UK.csv,no_name,email+website
[NO NAME - ASSOCs - UK.csv],,,,,enquiries@catsincrisis.org.uk,,https://www.catsincrisis.org.uk/,ASSOCs - UK.csv,no_name,email+website
[NO NAME - ASSOCs - UK.csv],,,,,https://arkanimalrescue.co.uk/contact-us/,,https://arkanimalrescue.co.uk/,ASSOCs - UK.csv,no_name,email+website
[NO NAME - ASSOCs - UK.csv],,,,,info@keithsrescuedogs.org.uk,,https://www.facebook.com/KeithsRescueDogs,ASSOCs - UK.csv,no_name,email+website
[NO NAME - ASSOCs - UK.csv],,,,,enquiries@hoperescue.org.uk,,https://www.hoperescue.org.uk/,ASSOCs - UK.csv,no_name,email+website
[NO NAME - ASSOCs - UK.csv],,,,,kennels@freshfields.org.uk,,https://www.freshfields.org.uk/,ASSOCs - UK.csv,no_name,email+website
[NO NAME - ASSOCs - UK.csv],,,,,https://www.boxerdogrescue.co.uk/contact,,https://www.boxerdogrescue.co.uk/,ASSOCs - UK.csv,no_name,email+website
[NO NAME - ASSOCs - UK.csv],,,,,cats@haws-animals.org.uk,,https://www.haws-animals.org.uk/,ASSOCs - UK.csv,no_name,email+website
[NO NAME - ASSOCs - UK.csv],,,,,info@felinecare.org.uk,,http://www.felinecare.org.uk/,ASSOCs - UK.csv,no_name,email+website
[NO NAME - ASSOCs - UK.csv],,,,,jgarner1@toucansurf.com,,http://www.foxylodge.yolasite.com/,ASSOCs - UK.csv,no_name,email+website
[NO NAME - ASSOCs - UK.csv],,,,,https://www.nasatrust.co.uk/contact_us,,https://www.nasatrust.co.uk/,ASSOCs - UK.csv,no_name,email+website
[NO NAME - ASSOCs - UK.csv],,,,,https://www.pactsanctuary.org/contact.html,,https://www.pactsanctuary.org/,ASSOCs - UK.csv,no_name,email+website
[NO NAME - ASSOCs - UK.csv],,,,,https://www.redwings.org.uk/contact-us,,https://www.redwings.org.uk/,ASSOCs - UK.csv,no_name,email+website
[NO NAME - ASSOCs - UK.csv],,,,,nanna04@btinternet.com,,https://www.facebook.com/NANNAANIMALRESCUE1/,ASSOCs - UK.csv,no_name,email+website
[NO NAME - ASSOCs - UK.csv],,,,,admin@bfas.org.uk,,https://www.bfas.org.uk/,ASSOCs - UK.csv,no_name,email+website
[NO NAME - ASSOCs - UK.csv],,,,,admin@animals-in-need.org,,https://animals-in-need.org/,ASSOCs - UK.csv,no_name,email+website
[NO NAME - ASSOCs - UK.csv],,,,,info@b-a-r-k.co.uk,,https://b-a-r-k.co.uk/,ASSOCs - UK.csv,no_name,email+website
[NO NAME - ASSOCs - UK.csv],,,,,office@b-w-r.org.uk,,https://www.blythwildliferescue.co.uk/,ASSOCs - UK.csv,no_name,email+website
[NO NAME - ASSOCs - UK.csv],,,,,hq@bordercollierescue.org,,http://www.bordercollierescue.org/,ASSOCs - UK.csv,no_name,email+website
[NO NAME - ASSOCs - UK.csv],,,,,allforhorses@outlook.com,,https://www.allforhorses.org.uk/,ASSOCs - UK.csv,no_name,email+website
[NO NAME - ASSOCs - UK.csv],,,,,enquiries@whitbydogrescue.com,,https://www.whitbydogrescue.com/,ASSOCs - UK.csv,no_name,email+website
[NO NAME - ASSOCs - UK.csv],,,,,reception@rspca-yorkhome.org.uk,,https://www.rspca-yorkhome.org.uk/,ASSOCs - UK.csv,no_name,email+website
[NO NAME - ASSOCs - UK.csv],,,,,Info@nayboxerrescue.co.uk,,https://www.nayboxerrescue.co.uk/,ASSOCs - UK.csv,no_name,email+website
[NO NAME - ASSOCs - UK.csv],,,,,elaine@barkonline.co.uk,,http://www.barkonline.co.uk/,ASSOCs - UK.csv,no_name,email+website
[NO NAME - ASSOCs - UK.csv],,,,,info@brinsleyanimalrescue.org,,https://brinsleyanimalrescue.org/,ASSOCs - UK.csv,no_name,email+website
[NO NAME - ASSOCs - UK.csv],,,,,Info@petwelfare.co.uk,,http://www.petwelfare.co.uk/,ASSOCs - UK.csv,no_name,email+website
[NO NAME - ASSOCs - UK.csv],,,,,onepawatatimedogrescue@gmail.com,,https://onepawatatimedogrescue.co.uk/,ASSOCs - UK.csv,no_name,email+website
[NO NAME - ASSOCs - UK.csv],,,,,babbington21@btopenworld.com,,https://www.babbington-rescue.org.uk/,ASSOCs - UK.csv,no_name,email+website
[NO NAME - ASSOCs - UK.csv],,,,,barks2010@hotmail.co.uk,,https://www.barks.org.uk/,ASSOCs - UK.csv,no_name,email+website
[NO NAME - ASSOCs - UK.csv],,,,,info@severnvalleyrescue.org,,https://www.severnvalleyrescue.org/,ASSOCs - UK.csv,no_name,email+website
[NO NAME - ASSOCs - UK.csv],,,,,jennyandkateatgar@tiscali.co.uk,,https://www.grinshillanimalrescue.co.uk/,ASSOCs - UK.csv,no_name,email+website
[NO NAME - ASSOCs - UK.csv],,,,,reception@bcdh.org.uk,,https://www.bathcatsanddogshome.org.uk/,ASSOCs - UK.csv,no_name,email+website
[NO NAME - ASSOCs - UK.csv],,,,,carol.smith@labrador-rescue.com,,https://labrador-rescue.org/,ASSOCs - UK.csv,no_name,email+website
[NO NAME - ASSOCs - UK.csv],,,,,reception@secretworld.org,,https://www.secretworld.org/,ASSOCs - UK.csv,no_name,email+website
[NO NAME - ASSOCs - UK.csv],,,,,https://www.somersetanddorsetanimalrescue.co.uk/contact/,,https://www.somersetanddorsetanimalrescue.co.uk/,ASSOCs - UK.csv,no_name,email+website
[NO NAME - ASSOCs - UK.csv],,,,,cheadleanimalwelfare@hotmail.co.uk,,https://www.cheadleanimalwelfare.org.uk/,ASSOCs - UK.csv,no_name,email+website
[NO NAME - ASSOCs - UK.csv],,,,,https://www.animallifeline.org.uk/wp/contact-us/,,https://www.animallifeline.org.uk/wp/,ASSOCs - UK.csv,no_name,email+website
[NO NAME - ASSOCs - UK.csv],,,,,info@burystraycatfund.co.uk,,http://www.burystraycatfund.co.uk/,ASSOCs - UK.csv,no_name,email+website
[NO NAME - ASSOCs - UK.csv],,,,,nfo@hawr.co.uk,,https://hawr.co.uk/,ASSOCs - UK.csv,no_name,email+website
[NO NAME - ASSOCs - UK.csv],,,,,https://www.dorisbanhamdogrescue.org/wp/contact/,,https://www.dorisbanhamdogrescue.org/wp/,ASSOCs - UK.csv,no_name,email+website
[NO NAME - ASSOCs - UK.csv],,,,,http://www.catactiontrust.org.uk/index.php/contact-us,,http://www.catactiontrust.org.uk/,ASSOCs - UK.csv,no_name,email+website
[NO NAME - ASSOCs - UK.csv],,,,,https://www.lurchersos.org.uk/contact-us,,https://www.lurchersos.org.uk/,ASSOCs - UK.csv,no_name,email+website
[NO NAME - ASSOCs - UK.csv],,,,,info@celiacross.org.uk,,https://celiacross.org.uk/,ASSOCs - UK.csv,no_name,email+website
[NO NAME - ASSOCs - UK.csv],,,,,homing@greyhounds4u.co.uk,,https://www.greyhounds4u.co.uk/,ASSOCs - UK.csv,no_name,email+website
[NO NAME - ASSOCs - UK.csv],,,,,admin@epsomcaninerescue.org.uk,,http://www.epsomcaninerescue.co.uk/,ASSOCs - UK.csv,no_name,email+website
[NO NAME - ASSOCs - UK.csv],,,,,dogswalkthiswayrescue@mail.com,,https://dogswalkthiswayrescue.com/index.html,ASSOCs - UK.csv,no_name,email+website
[NO NAME - ASSOCs - UK.csv],,,,,https://rescueremedies.wufoo.com/forms/rescue-remedies-contact-form/,,https://www.rescueremedies.co.uk/,ASSOCs - UK.csv,no_name,email+website
[NO NAME - ASSOCs - UK.csv],,,,,#ERROR!,,http://www.animalmission.org.uk/,ASSOCs - UK.csv,no_name,email+website
[NO NAME - ASSOCs - UK.csv],,,,,contact@starlighttrust.org.uk,,https://starlighttrust.org.uk/,ASSOCs - UK.csv,no_name,email+website
[NO NAME - ASSOCs - UK.csv],,,,,http://clympingdogsanctuary.co.uk/,,http://clympingdogsanctuary.co.uk/,ASSOCs - UK.csv,no_name,email+website
[NO NAME - ASSOCs - UK.csv],,,,,carole@happybreed.co.uk,,http://www.happybreed.co.uk/,ASSOCs - UK.csv,no_name,email+website
[NO NAME - ASSOCs - UK.csv],,,,,info@crrc.co.uk,,https://crrc.co.uk/,ASSOCs - UK.csv,no_name,email+website
[NO NAME - ASSOCs - UK.csv],,,,,info@pawsandclaws-ars.org.uk,,https://www.pawsandclaws-ars.org.uk/,ASSOCs - UK.csv,no_name,email+website
[NO NAME - ASSOCs - UK.csv],,,,,info@sussexpetrescue.org,,https://sussexpetrescue.org/,ASSOCs - UK.csv,no_name,email+website
[NO NAME - ASSOCs - UK.csv],,,,,nuneatonwildlife@gmail.com,,https://nuneatonwildlife.co.uk/,ASSOCs - UK.csv,no_name,email+website
[NO NAME - ASSOCs - UK.csv],,,,,avoncatrescuewelford@gmail.com,,https://www.avoncatrescue.org/,ASSOCs - UK.csv,no_name,email+website
[NO NAME - ASSOCs - UK.csv],,,,,info@birminghamdogshome.org.uk,,https://birminghamdogshome.org.uk/,ASSOCs - UK.csv,no_name,email+website
[NO NAME - ASSOCs - UK.csv],,,,,thedogtrustees@gmail.com,,https://www.ruffluckrescue.org/,ASSOCs - UK.csv,no_name,email+website
[NO NAME - ASSOCs - UK.csv],,,,,FBenquiries@coventrycatgroup.org.uk,,https://coventrycatgroup.org.uk/,ASSOCs - UK.csv,no_name,email+website
[NO NAME - ASSOCs - UK.csv],,,,,wildacrerescue@aol.com,,http://wildacrerescue.co.uk/,ASSOCs - UK.csv,no_name,email+website
[NO NAME - ASSOCs - UK.csv],,,,,ian@caessr.org.uk,,https://www.caessr.org.uk/,ASSOCs - UK.csv,no_name,email+website
[NO NAME - ASSOCs - UK.csv],,,,,https://dogwatchuk.wufoo.com/forms/dogwatch-uk-enquiries/,,http://www.dogwatchuk.com/,ASSOCs - UK.csv,no_name,email+website
[NO NAME - ASSOCs - UK.csv],,,,,info@aldridgerescue.co.uk,,http://www.aldridgerescue.co.uk/,ASSOCs - UK.csv,no_name,email+website
[NO NAME - ASSOCs - UK.csv],,,,,marteileenw@gmail.com,,https://www.midlandsanimalrescue.com/,ASSOCs - UK.csv,no_name,email+website
[NO NAME - ASSOCs - UK.csv],,,,,catsactiontrust@gmail.com,,https://www.catsactiontrust.org.uk/,ASSOCs - UK.csv,no_name,email+website
[NO NAME - ASSOCs - UK.csv],,,,,admin@rspcaoandf.org.uk,,https://www.rspca.org.uk/local/north-wiltshire-and-newbury-district-branch,ASSOCs - UK.csv,no_name,email+website
[NO NAME - ASSOCs - UK.csv],,,,,wagtailsrescue@mail.com,,https://www.facebook.com/WagtailsRescueEssex/,ASSOCs - UK.csv,no_name,email+website
[NO NAME - ASSOCs - UK.csv],,,,,info@remussanctuary.org,,https://www.remussanctuary.org/,ASSOCs - UK.csv,no_name,email+website
[NO NAME - ASSOCs - UK.csv],,,,,mail@lurcher.org.uk,,https://lurcher.org.uk/,ASSOCs - UK.csv,no_name,email+website
[NO NAME - ASSOCs - UK.csv],,,,,info@wars.org.uk,,https://www.wars.org.uk/,ASSOCs - UK.csv,no_name,email+website
[NO NAME - ASSOCs - UK.csv],,,,,info@forest-dog-rescue.org.uk,,https://www.forest-dog-rescue.org.uk/,ASSOCs - UK.csv,no_name,email+website
[NO NAME - ASSOCs - UK.csv],,,,,info@happystaffie.co.uk,,https://www.happystaffie.co.uk/,ASSOCs - UK.csv,no_name,email+website
[NO NAME - ASSOCs - UK.csv],,,,,https://www.badaw.org/contact-us/,,https://www.badaw.org/,ASSOCs - UK.csv,no_name,email+website
[NO NAME - ASSOCs - UK.csv],,,,,https://barnsleyanimalrescue.org.uk/contact/,,https://barnsleyanimalrescue.org.uk/,ASSOCs - UK.csv,no_name,email+website
[NO NAME - ASSOCs - UK.csv],,,,,info@rspcadrb.org.uk,,https://www.rspca.org.uk/local/doncaster-rotherham-and-district-branch,ASSOCs - UK.csv,no_name,email+website
[NO NAME - ASSOCs - UK.csv],,,,,kcccats@gmail.com,,http://www.keighleycatcare.co.uk/,ASSOCs - UK.csv,no_name,email+website
[NO NAME - ASSOCs - UK.csv],,,,,https://yrdr.co.uk/contact/,,https://yrdr.co.uk/,ASSOCs - UK.csv,no_name,email+website
[NO NAME - ASSOCs - UK.csv],,,,,info@tia-rescue.org,,https://www.tiagreyhoundandlurcherrescue.co.uk/,ASSOCs - UK.csv,no_name,email+website
[NO NAME - ASSOCs - UK.csv],,,,,https://yorkshirecatrescue.org/Pages/Contact.aspx,,https://yorkshirecatrescue.org/,ASSOCs - UK.csv,no_name,email+website
[NO NAME - ASSOCs - UK.csv],,,,,info@rspcaleedsandwakefield.org.uk,,https://www.rspcaleedsandwakefield.org.uk/,ASSOCs - UK.csv,no_name,email+website
[NO NAME - ASSOCs - UK.csv],,,,,info@mayflowersanctuary.co.uk,,https://mayflowersanctuary.co.uk/,ASSOCs - UK.csv,no_name,email+website
[NO NAME - ASSOCs - UK.csv],,,,,dogs@rainrescue.co.uk and,,https://rainrescue.co.uk/,ASSOCs - UK.csv,no_name,email+website
[NO NAME - ASSOCs - UK.csv],,,,,info@thesheffieldcatsshelter.org.uk,,https://thesheffieldcatsshelter.org/,ASSOCs - UK.csv,no_name,email+website
[NO NAME - ASSOCs - UK.csv],,,,,https://www.sheffield-dog-rescue.org.uk/contact/,,https://www.sheffield-dog-rescue.org.uk/,ASSOCs - UK.csv,no_name,email+website
[NO NAME - ASSOCs - UK.csv],,,,,whitehalldogrescue@yahoo.co.uk,,https://whitehalldogrescue.com/,ASSOCs - UK.csv,no_name,email+website
[NO NAME - ASSOCs - US.csv],,,,,info@hsar.org,,https://www.hsar.org/,ASSOCs - US.csv,no_name,email+website
[NO NAME - ASSOCs - US.csv],,,,,info@pawsandwhiskers.org,,https://www.pawsandwhiskers.org/,ASSOCs - US.csv,no_name,email+website
[NO NAME - ASSOCs - US.csv],,,,,sanctuaryanimalrescue08@gmail.com,,https://sanctuaryanimalrescue.com/,ASSOCs - US.csv,no_name,email+website
[NO NAME - ENG ASSOCIATION LIST 26 sept 23 - Sheet1.csv],,US +1,,,,,,ENG ASSOCIATION LIST 26 sept 23 - Sheet1.csv,no_name,country
[NO NAME - ENG ASSOCIATION LIST 26 sept 23 - Sheet1.csv],,US +1,,,,,,ENG ASSOCIATION LIST 26 sept 23 - Sheet1.csv,no_name,country
[NO NAME - ENG ASSOCIATION LIST 26 sept 23 - Sheet1.csv],,US +1,,,info@hsar.org,,https://www.hsar.org/,ENG ASSOCIATION LIST 26 sept 23 - Sheet1.csv,no_name,email+website+country
[NO NAME - ENG ASSOCIATION LIST 26 sept 23 - Sheet1.csv],,US +1,,,,,,ENG ASSOCIATION LIST 26 sept 23 - Sheet1.csv,no_name,country
[NO NAME - ENG ASSOCIATION LIST 26 sept 23 - Sheet1.csv],,US +1,,,sanctuaryanimalrescue08@gmail.com,,https://sanctuaryanimalrescue.com/,ENG ASSOCIATION LIST 26 sept 23 - Sheet1.csv,no_name,email+website+country
